genome_id,ncbi_taxon_id
GCF_000591055.1,268739
GCF_000253055.1,768679
GCF_000827125.1,483547
GCF_000092465.1,591019
GCF_000970285.1,1434110
GCF_000196655.1,644295
GCF_000187005.1,743525
GCF_000025565.1,716541
GCF_001553955.1,34062
GCF_000807275.1,1267021
GCF_000307105.1,651182
GCF_000576555.1,1227739
GCF_000024205.1,485916
GCF_000191585.1,877455
GCF_000973545.1,1505597
GCF_000828975.1,1469502
GCF_000284075.1,1105113
GCF_000012305.1,259536
GCF_000242635.2,929556
GCF_000009985.1,342108
GCF_000959245.1,1249668
GCF_000023585.1,324057
GCF_000147835.2,690566
GCF_000013165.1,222891
GCF_000013745.1,316056
GCF_001314975.1,818
GCF_000233715.2,767817
GCF_000011485.1,74547
GCF_000011205.1,273063
GCF_000993785.2,408015
GCF_000761155.1,216142
GCF_000024785.1,526226
GCF_000144605.1,633149
GCF_001187845.1,1458307
GCF_000980815.1,161896
GCF_001477625.1,1768242
GCF_000969765.1,1267001
GCF_000011345.1,197221
GCF_000261025.1,246198
GCF_000250655.1,1116391
GCF_000013885.1,323097
GCF_000237065.1,1114970
GCF_001042635.1,1150461
GCF_000270285.1,502558
GCF_001708485.1,294
GCF_000091465.1,575788
GCF_000017245.1,339671
GCF_000024125.1,313596
GCF_000785705.2,1538553
GCF_000941055.1,1454006
GCF_000186345.1,575540
GCF_000006785.2,160490
GCF_000190635.1,645991
GCF_000007085.1,273068
GCF_000347695.1,1254439
GCF_000287335.1,1199245
GCF_000565195.1,838561
GCF_000017265.1,450851
GCF_000007745.1,221988
GCF_000276685.1,743973
GCF_000263195.1,929562
GCF_000317835.1,937777
GCF_000184745.1,595537
GCF_001025175.1,518634
GCF_000223375.1,759362
GCF_000511305.1,1435356
GCF_000300235.2,1123366
GCF_000441555.1,669502
GCF_000233915.3,1045855
GCF_001456215.1,1280
GCF_000013565.1,290400
GCF_000023965.1,485914
GCF_000832985.1,1348623
GCF_000803645.1,1515612
GCF_000012485.1,319225
GCF_000341385.1,1094497
GCF_001021045.1,136857
GCF_000019485.1,32049
GCF_000018665.1,398578
GCF_000802245.2,1355015
GCF_000151105.2,391623
GCF_000831645.3,1074467
GCF_000015205.1,384616
GCF_001854245.1,897
GCF_000237205.1,331113
GCF_000334405.1,1072467
GCF_000025865.1,547558
GCF_000211855.2,983544
GCF_000013405.1,56780
GCF_000299455.1,1133852
GCF_000209675.1,1005058
GCF_000020205.1,402626
GCF_000224085.1,886377
GCF_001908775.1,90270
GCF_000025945.1,177439
GCF_000015405.1,189918
GCF_000739455.1,156978
GCF_000025265.1,469383
GCF_000756615.1,44251
GCF_000195295.1,880072
GCF_000144625.1,610130
GCF_000183385.1,289397
GCF_001188915.1,1295
GCF_000020965.1,309799
GCF_001887595.1,1440763
GCF_000225345.1,585394
GCF_000018025.1,425104
GCF_000279145.1,1191523
GCF_000005845.2,511145
GCF_000017845.1,43989
GCF_000022565.1,240015
GCF_000018145.1,398580
GCF_000063505.1,32051
GCF_000269945.1,420890
GCF_001688625.1,292800
GCF_000019665.1,481448
GCF_000412695.1,1245471
GCF_000214665.1,857087
GCF_000014265.1,203124
GCF_000517425.1,1239307
GCF_000024285.1,521098
GCF_000238215.1,203275
GCF_000968535.2,1091494
GCF_000013225.1,321332
GCF_000185965.1,743721
GCF_000816845.1,1418105
GCF_000204925.1,1006006
GCF_000006845.1,242231
GCF_000011685.1,290633
GCF_000517605.1,754523
GCF_000196395.1,382245
GCF_000015565.1,391735
GCF_000021805.1,41431
GCF_000020685.1,546414
GCF_001191005.1,1678028
GCF_000014125.1,386415
GCF_000157895.3,557599
GCF_000199675.1,926569
GCF_000007325.1,190304
GCF_000327485.1,593750
GCF_000092125.1,526227
GCF_000092845.1,526224
GCF_000317105.1,56110
GCF_000189775.2,858215
GCF_000191145.1,871585
GCF_001022135.1,61648
GCF_000831485.1,1346
GCF_000763535.1,190893
GCF_000953655.1,449
GCF_001023575.1,1650658
GCF_000953135.1,1212491
GCF_001020955.1,106634
GCF_000024565.1,519441
GCF_000015725.1,420662
GCF_000494755.1,1246995
GCF_002211785.1,549298
GCF_000011805.1,312309
GCF_000016425.1,369723
GCF_001314325.1,33050
GCF_000219805.1,1045854
GCF_000204645.1,596154
GCF_001499615.1,446692
GCF_000218625.1,717231
GCF_000772105.1,1051646
GCF_000013365.1,316058
GCF_000014385.1,203123
GCF_000012645.1,74546
GCF_000007645.1,176280
GCF_000024725.1,472759
GCF_000954135.1,105219
GCF_000021925.1,272564
GCF_000017405.1,439375
GCF_000284335.1,511051
GCF_000195335.1,869210
GCF_000008745.1,115713
GCF_000969905.1,1434123
GCF_000194625.1,693661
GCF_000186885.1,577650
GCF_000731315.1,1028800
GCF_000767055.1,558173
GCF_000092385.1,749414
GCF_000025665.1,439481
GCF_000005825.2,398511
GCF_000344785.1,1121353
GCF_000304455.1,1231626
GCF_000183725.1,709032
GCF_001586165.1,82983
GCF_000018205.1,293614
GCF_001007995.1,1309411
GCF_001269425.1,186490
GCF_000157355.2,565655
GCF_000019685.1,412419
GCF_000828895.1,1458425
GCF_000016605.1,399549
GCF_000026505.1,568703
GCF_000473245.1,1367477
GCF_000018685.1,357809
GCF_000294715.1,1225179
GCF_000019725.1,426355
GCF_000020005.1,457570
GCF_000312705.1,46234
GCF_000017625.1,456442
GCF_000325665.1,1042417
GCF_000828635.1,1223802
GCF_000014705.1,318167
GCF_001021085.1,1277257
GCF_000987835.1,206403
GCF_001028705.1,1348774
GCF_001677275.1,553239
GCF_000013285.1,195103
GCF_000706685.1,1288
GCF_000092905.1,562970
GCF_000010665.1,573370
GCF_000010505.1,431947
GCF_000018545.1,394
GCF_000017585.1,360107
GCF_000590555.1,1348662
GCF_000007925.1,167539
GCF_000349945.1,748247
GCF_000340435.2,1202450
GCF_000023905.1,523794
GCF_000021965.1,521011
GCF_000626635.1,1168034
GCF_001078055.1,1379910
GCF_000327045.1,765912
GCF_001029265.1,315358
GCF_000012665.1,207559
GCF_000017545.1,381764
GCF_000007485.1,203267
GCF_000177615.2,656024
GCF_000183405.1,768670
GCF_000250675.2,1133849
GCF_000011965.2,246200
GCF_000018785.1,441768
GCF_001865855.1,37332
GCF_000165905.1,702459
GCF_000008505.1,281309
GCF_000209655.1,1007105
GCF_000015945.1,399550
GCF_000022145.1,455488
GCF_000190315.1,985053
GCF_001887285.1,300019
GCF_000632845.1,391036
GCF_000517445.1,582419
GCF_000007845.1,198094
GCF_000015305.1,350058
GCF_000092405.1,643648
GCF_000011365.1,224911
GCF_000807255.1,1262449
GCF_000214095.2,743299
GCF_000265425.1,926566
GCF_000739085.1,1068978
GCF_000014765.1,335283
GCF_000022125.1,525146
GCF_000013625.1,375286
GCF_000970025.1,1434108
GCF_000016525.1,420247
GCF_000196275.1,319795
GCF_000069945.1,504474
GCF_000144915.1,666510
GCF_000023065.1,595494
GCF_001878675.1,1482
GCF_001610955.1,33941
GCF_000306725.1,1094980
GCF_000013085.1,269796
GCF_001676785.2,1266923
GCF_000190595.1,867900
GCF_000800805.1,1577791
GCF_000340825.1,1208918
GCF_000196015.1,266264
GCF_000819565.1,1208324
GCF_000183345.1,685038
GCF_000196315.1,216432
GCF_001042595.1,1150423
GCF_000470655.1,1033806
GCF_000025225.2,699246
GCF_000196255.1,298386
GCF_000186245.1,749222
GCF_001187595.1,198467
GCF_000007605.1,227941
GCF_000346595.1,1174529
GCF_001507665.1,1768108
GCF_000299095.1,859653
GCF_000828615.1,1076588
GCF_000009765.2,227882
GCF_000328765.2,1209989
GCF_000185985.2,859654
GCF_000253035.1,765952
GCF_000023825.1,485917
GCF_000439435.1,1276220
GCF_001488575.1,1407499
GCF_000550785.1,1285583
GCF_000473305.1,1400053
GCF_000008565.1,243230
GCF_001274875.1,273035
GCF_000317495.1,1173022
GCF_000332115.1,592029
GCF_000027165.1,365659
GCF_000941075.1,86660
GCF_000328565.1,212767
GCF_001685435.2,1230341
GCF_000020505.1,517417
GCF_000008305.1,265311
GCF_000008645.1,187420
GCF_000699505.1,529884
GCF_000166415.1,656519
GCF_000092225.1,521096
GCF_000008205.1,262719
GCF_000012545.1,339860
GCF_000015285.1,357804
GCF_000147335.1,497965
GCF_000230695.2,666685
GCF_000007985.2,243231
GCF_000092025.1,176299
GCF_000226625.1,1008459
GCF_000017685.1,456481
GCF_000332735.1,1194526
GCF_000186365.1,765177
GCF_000981545.1,1608628
GCF_000022525.1,434131
GCF_000832605.1,1405
GCF_001010805.1,1620392
GCF_000255535.1,1151116
GCF_000024985.1,479434
GCF_001685465.1,45658
GCF_000227685.2,713585
GCF_001027285.1,48
GCF_001578205.1,1408
GCF_001936235.1,109790
GCF_000550805.1,1224164
GCF_000185805.1,648996
GCF_000019785.1,395495
GCF_001267175.1,1698448
GCF_000177235.2,649639
GCF_001189535.1,1658671
GCF_000016745.1,351605
GCF_000021545.1,204536
GCF_000013205.1,321327
GCF_001955715.1,1484693
GCF_000014285.1,391165
GCF_000317065.1,82654
GCF_000725425.1,1343739
GCF_000021825.1,65393
GCF_000212395.1,747365
GCF_000009745.1,196600
GCF_000026325.1,585056
GCF_001077715.1,1592897
GCF_000016985.1,293826
GCF_000213825.1,936154
GCF_000304355.2,1201294
GCF_000829315.1,246273
GCF_000021865.1,272942
GCF_000196535.1,548479
GCF_000470775.1,1389489
GCF_000015645.1,146891
GCF_900078695.1,123899
GCF_000026105.1,384676
GCF_000463505.1,862971
GCF_000195755.1,882
GCF_000953015.1,1581680
GCF_001482365.1,446860
GCF_000022205.1,416348
GCF_000968055.1,1318466
GCF_000012385.1,336407
GCF_000972245.3,135735
GCF_000513295.1,1430440
GCF_000253395.1,1051074
GCF_000008385.1,292805
GCF_000024005.1,485918
GCF_000224105.1,743965
GCF_000524555.1,743966
GCF_000196455.1,1511
GCF_000287355.1,134287
GCF_000025205.1,553190
GCF_001941805.1,40215
GCF_000013765.1,318161
GCF_001281045.1,362837
GCF_000023985.1,573064
GCF_000017105.1,434922
GCF_000600005.1,1196094
GCF_000477435.1,946483
GCF_000231015.2,768672
GCF_000224475.1,756883
GCF_000758685.1,169760
GCF_000747315.1,401472
GCF_001010285.1,230089
GCF_000025625.1,547559
GCF_000400935.1,1276227
GCF_001553605.1,44742
GCF_000189295.2,641491
GCF_000092305.1,573063
GCF_002240355.1,530584
GCF_000195975.1,84588
GCF_000025485.1,572477
GCF_000403645.1,1333523
GCF_000284095.1,927704
GCF_000973105.1,63186
GCF_000212415.1,906968
GCF_001902315.1,61015
GCF_000204565.1,929506
GCF_000389965.1,649831
GCF_000833575.1,161899
GCF_000164865.1,701347
GCF_000013025.1,228405
GCF_000263735.1,1183377
GCF_000183745.1,670487
GCF_001444365.1,58049
GCF_001190945.1,571913
GCF_000020365.1,177437
GCF_000349845.1,1294143
GCF_001620305.1,1051973
GCF_000024085.1,523791
GCF_000010165.1,358681
GCF_000725405.1,1274
GCF_000284035.1,1127134
GCF_000006965.1,266834
GCF_001310255.1,1532555
GCF_000007805.1,223283
GCF_000014905.1,234267
GCF_000299115.1,744985
GCF_000092425.1,649638
GCF_001499655.1,389348
GCF_000015045.1,338966
GCF_000010525.1,438753
GCF_000350305.1,1054217
GCF_000063445.1,351160
GCF_000284415.1,1150469
GCF_000007345.1,188937
GCF_000016085.1,290318
GCF_000015745.1,420246
GCF_000024405.1,526218
GCF_000300255.2,1236689
GCF_001729485.1,47763
GCF_000012605.1,317025
GCF_000013445.1,323259
GCF_000091325.1,637905
GCF_000284295.1,512565
GCF_000019345.1,505682
GCF_000471965.1,1316444
GCF_001558255.1,673
GCF_000020565.1,452471
GCF_001278055.1,1603606
GCF_000012825.1,435590
GCF_000018425.1,477974
GCF_000225465.1,1005057
GCF_000389635.1,86416
GCF_000982825.1,28141
GCF_000186265.1,688270
GCF_000009145.1,228410
GCF_000014045.1,375451
GCF_000178835.2,642492
GCF_000007765.1,227377
GCF_001460635.1,76936
GCF_000698785.1,926571
GCF_000017005.1,467705
GCF_000220625.1,860228
GCF_000236405.1,1075399
GCF_000193375.1,999630
GCF_000085865.1,347256
GCF_000014965.1,335543
GCF_000012845.1,435591
GCF_000165465.1,572479
GCF_000165505.1,572544
GCF_000020905.1,490899
GCF_000970205.1,213585
GCF_000013325.1,279238
GCF_000259275.1,1163745
GCF_000018305.1,397948
GCF_000284615.1,1163748
GCF_000021745.1,395965
GCF_000023925.1,478801
GCF_000013985.1,317655
GCF_000270305.1,1042156
GCF_001420915.1,680279
GCF_000007025.1,272944
GCF_000318015.1,568707
GCF_000236665.1,640081
GCF_000940845.1,66712
GCF_000012885.1,338963
GCF_000185885.1,937773
GCF_000025885.1,572547
GCF_001420855.1,1428
GCF_000014865.1,156889
GCF_000072485.1,522373
GCF_000010825.1,634452
GCF_000175215.2,573065
GCF_000027305.1,71421
GCF_000196095.1,223926
GCF_000016505.1,431943
GCF_000021325.1,272568
GCF_000299355.1,1128398
GCF_001465835.2,1374
GCF_000240185.1,1125630
GCF_000328725.1,1246955
GCF_000968135.1,1288970
GCF_000815025.1,325775
GCF_000008265.1,263820
GCF_000177535.2,662755
GCF_000023145.1,645127
GCF_000012925.1,269799
GCF_000819445.1,1223515
GCF_000217715.1,797210
GCF_000166395.1,649349
GCF_000147355.1,563040
GCF_000203855.3,220668
GCF_000021725.1,598659
GCF_000022605.2,331104
GCF_000260985.3,754476
GCF_000018605.1,403833
GCF_000800295.1,33033
GCF_000092985.1,446468
GCF_000016165.1,349161
GCF_001305655.1,1604004
GCF_000340905.1,1208921
GCF_000021645.1,515635
GCF_000300005.1,930169
GCF_000317475.1,179408
GCF_000347595.1,1171377
GCF_000974425.1,1379870
GCF_000009905.1,292459
GCF_000008525.1,85962
GCF_002214645.1,1546149
GCF_000166295.1,225937
GCF_000018325.1,350688
GCF_000024025.1,479433
GCF_000344805.1,1245469
GCF_000025085.1,698737
GCF_001606025.1,261164
GCF_000164695.2,762948
GCF_000953635.1,451
GCF_000953695.1,80852
GCF_000331995.1,1121335
GCF_000172995.2,469382
GCF_001705175.1,986
GCF_001953195.1,487316
GCF_001314225.1,1714373
GCF_000008725.1,272561
GCF_000012585.1,340177
GCF_000016825.1,557436
GCF_000265365.1,679935
GCF_000219045.1,573569
GCF_000734895.2,1337936
GCF_000017865.1,416591
GCF_000175255.2,555217
GCF_000212375.1,879243
GCF_001518815.1,47885
GCF_000006985.1,194439
GCF_000177635.2,653733
GCF_000009085.1,192222
GCF_000266945.1,706587
GCF_000585495.1,195522
GCF_000011065.1,226186
GCF_001280225.1,1265350
GCF_000696485.1,213554
GCF_000092925.1,639283
GCF_000144645.1,555079
GCF_000306885.1,100901
GCF_000196135.1,273121
GCF_001558415.1,676
GCF_000265295.1,760154
GCF_000013425.1,93061
GCF_000008865.1,386585
GCF_000025285.1,572546
GCF_000008805.1,122586
GCF_001941825.1,1141883
GCF_000376545.2,1265309
GCF_000008165.1,260799
GCF_000145235.1,644283
GCF_001315015.1,192
GCF_000015665.1,167542
GCF_000152245.2,903814
GCF_000970265.1,1434111
GCF_000025685.1,309800
GCF_000007365.1,198804
GCF_000764555.1,1547445
GCF_000723425.2,1131442
GCF_001483865.1,76731
GCF_000007525.1,206672
GCF_000817955.1,345632
GCF_000590475.1,316
GCF_000953215.1,29343
GCF_001644565.1,1182568
GCF_000973505.1,1505596
GCF_000829415.1,1028989
GCF_001051995.2,1134435
GCF_000024945.1,479436
GCF_000215745.1,1028307
GCF_001543285.1,1377
GCF_000013185.1,374463
GCF_000009725.1,1148
GCF_000202635.1,979556
GCF_000145255.1,395494
GCF_000495935.2,1338011
GCF_000166055.1,648757
GCF_000265465.1,867902
GCF_000214415.1,880724
GCF_001262075.1,1658672
GCF_000018365.1,523850
GCF_001262015.1,1236517
GCF_000017045.1,441771
GCF_001314995.1,28116
GCF_000355675.1,1298593
GCF_001951175.1,392416
GCF_000785495.1,2045
GCF_000026205.1,37692
GCF_000511405.1,697284
GCF_000746585.1,1528098
GCF_001008165.2,1267766
GCF_000227745.2,765911
GCF_000739475.1,1398491
GCF_000016565.1,399739
GCF_000230275.1,568816
GCF_000024365.1,479431
GCF_000236685.1,158190
GCF_000092785.1,716544
GCF_000215105.1,743718
GCF_000014565.1,101510
GCF_000019405.1,228400
GCF_000144405.1,553174
GCF_001050115.1,1479
GCF_001307195.1,1324350
GCF_000007565.2,160488
GCF_000253295.1,717785
GCF_000026345.1,585057
GCF_000011985.1,272621
GCF_000021565.1,123214
GCF_000020945.1,309798
GCF_000011645.1,279010
GCF_000148385.1,572478
GCF_001542565.1,1771959
GCF_001443605.1,1307839
GCF_000264495.1,1184251
GCF_000284115.1,1142394
GCF_000238255.3,1117319
GCF_002222615.2,47678
GCF_000020625.1,290512
GCF_000299235.1,1048260
GCF_000215995.1,529709
GCF_000018945.1,309803
GCF_000178115.2,663278
GCF_000313175.2,758847
GCF_000980835.1,35755
GCF_000011705.1,243160
GCF_000009705.1,103690
GCF_000341345.1,1121362
GCF_000246985.2,523849
GCF_000022305.1,535289
GCF_000517625.1,797299
GCF_000190575.1,667015
GCF_000235405.2,771875
GCF_000008625.1,224324
GCF_001262035.1,732
GCF_000006745.1,243277
GCF_000091305.1,680198
GCF_000015885.1,416269
GCF_000212695.1,590998
GCF_000214435.1,868595
GCF_000242335.1,908937
GCF_000022085.1,460265
GCF_000093065.1,515618
GCF_000092365.1,644284
GCF_000724625.1,661478
GCF_000828815.1,1410383
GCF_001880325.1,56956
GCF_000153405.2,314282
GCF_000024065.1,471856
GCF_000009125.1,267608
GCF_001042675.1,864564
GCF_000271665.2,1192197
GCF_000011185.1,273116
GCF_000008685.2,224326
GCF_000007625.1,212717
GCF_001886695.1,502682
GCF_000801315.1,1385664
GCF_001307545.1,1766
GCF_000019965.1,452637
GCF_000500935.1,1276258
GCF_000021045.1,322710
GCF_000009545.1,218495
GCF_000154785.2,391595
GCF_000022365.1,593117
GCF_000468615.2,1348584
GCF_000317615.1,13035
GCF_000227705.2,717605
GCF_000015125.1,290317
GCF_000056065.1,390333
GCF_000739065.1,1301915
GCF_000011325.1,196627
GCF_000550765.1,1296990
GCF_000214785.1,1033837
GCF_000283595.1,652620
GCF_000196355.1,323848
GCF_000043285.1,203907
GCF_000305785.2,1117647
GCF_001040945.1,964
GCF_000230895.2,710685
GCF_001514455.1,47917
GCF_000014005.1,204669
GCF_000012085.2,314724
GCF_000233435.1,1074889
GCF_000008325.1,243233
GCF_000454045.1,1136179
GCF_000017945.1,453591
GCF_000012765.1,340047
GCF_001402875.1,1079
GCF_000143165.1,552811
GCF_000186985.1,859194
GCF_000063525.1,316278
GCF_000020025.1,63737
GCF_000145275.1,573061
GCF_000247565.1,36868
GCF_000191545.1,891391
GCF_000785105.2,1138822
GCF_900087055.1,703
GCF_000014445.1,203120
GCF_000016285.1,311402
GCF_001922025.1,152331
GCF_000024605.1,429009
GCF_000014225.1,342610
GCF_000243135.2,871963
GCF_000231405.2,871968
GCF_001411495.1,983594
GCF_000019745.1,452638
GCF_000968175.1,1354304
GCF_000317515.1,1173027
GCF_000024845.1,518766
GCF_001013905.1,1437453
GCF_000747525.1,1538644
GCF_001262715.1,216946
GCF_000026745.1,568814
GCF_001046955.1,988812
GCF_001652565.1,879274
GCF_000813245.1,697581
GCF_000146185.1,515620
GCF_000009345.1,393305
GCF_001648175.1,376489
GCF_000204255.1,331636
GCF_002234495.1,616991
GCF_000800475.2,1447715
GCF_000025905.1,583355
GCF_000222305.1,521010
GCF_000092825.1,640132
GCF_000219535.2,1042163
GCF_000020165.1,935198
GCF_000015005.1,246196
GCF_000210915.2,862908
GCF_000264455.2,1110502
GCF_000006865.1,272623
GCF_000319385.1,1193729
GCF_001412575.1,1678129
GCF_000024345.1,479435
GCF_000521505.1,1247726
GCF_000266905.1,710421
GCF_000316605.1,111781
GCF_000014185.1,266117
GCF_000737325.1,927083
GCF_000012985.1,349521
GCF_000195995.1,220341
GCF_000010585.1,458233
GCF_000014345.1,293613
GCF_000153485.2,313595
GCF_000006605.1,306537
GCF_000612685.1,1437824
GCF_000317795.1,1056495
GCF_000009925.1,295405
GCF_000208385.1,760011
GCF_000504125.1,1300150
GCF_000341355.1,1094489
GCF_000006925.2,198214
GCF_000577895.1,1216932
GCF_000763575.1,2325
GCF_000612485.1,1247649
GCF_000021885.1,557723
GCF_000317435.1,1170562
GCF_000517565.1,694431
GCF_001700965.1,83617
GCF_000009865.1,279808
GCF_000012685.1,246197
GCF_000964565.1,29486
GCF_000196835.1,749927
GCF_000828855.1,29554
GCF_000013125.1,212042
GCF_000960975.1,1486262
GCF_000959725.1,28095
GCF_000091565.1,665029
GCF_000195715.1,257313
GCF_000764535.1,1549858
GCF_000196115.1,243090
GCF_000255135.1,443254
GCF_000022265.1,316067
GCF_000015505.1,365044
GCF_000982715.1,191292
GCF_001750785.1,285473
GCF_000219585.1,261292
GCF_000013105.1,264732
GCF_000012345.1,335992
GCF_000013865.1,296591
GCF_000019605.1,374847
GCF_000828655.1,1408159
GCF_001543175.1,1376
GCF_001618685.1,129338
GCF_000283555.1,1041504
GCF_000835165.1,1224162
GCF_001267865.1,53345
GCF_000242595.2,889378
GCF_001584185.1,279113
GCF_000626675.1,1404245
GCF_000309885.1,751945
GCF_000750535.1,759620
GCF_000018865.1,324602
GCF_000993805.1,1550241
GCF_001698145.1,1246
GCF_000011905.1,243164
GCF_000020545.1,331678
GCF_000478905.1,1235990
GCF_000021985.1,396588
GCF_001709315.1,549
GCF_000023025.1,377629
GCF_001484605.1,121292
GCF_000599985.1,1196095
GCF_000724775.3,28031
GCF_000969645.2,1236179
GCF_000024105.1,525919
GCF_000092265.1,1236608
GCF_000204135.1,331635
GCF_000828915.1,1458426
GCF_000007865.1,262316
GCF_000376645.1,1316932
GCF_000014745.1,394221
GCF_000400955.1,1276229
GCF_000828515.1,476281
GCF_000510265.1,1401328
GCF_000022325.1,521460
GCF_000147055.1,198628
GCF_000092585.1,710127
GCF_001676765.1,935546
GCF_001189495.1,888727
GCF_000007825.1,226900
GCF_001021975.1,1324352
GCF_000250635.1,984262
GCF_000017705.1,338187
GCF_000008665.1,224325
GCF_000243115.2,929713
GCF_000830005.1,362257
GCF_000069025.1,478009
GCF_000024325.1,485915
GCF_000178975.2,1198114
GCF_001655245.1,1354275
GCF_000017225.1,426368
GCF_000242455.2,886293
GCF_000455605.1,1094466
GCF_001020985.1,571915
GCF_000503895.1,1029756
GCF_000025185.1,530564
GCF_000214375.1,545694
GCF_000020145.1,445932
GCF_000316515.1,292564
GCF_000063605.1,347257
GCF_000092045.1,347834
GCF_001562115.1,233316
GCF_000195275.1,869209
GCF_000300135.1,1229758
GCF_000218545.1,593907
GCF_000961095.1,1126833
GCF_001767275.1,1254
GCF_000754275.1,747
GCF_000950575.1,1618207
GCF_000147875.1,679926
GCF_000525675.1,765869
GCF_001281385.1,1125411
GCF_000970325.1,1434104
GCF_000789395.1,1415775
GCF_000253275.1,1034807
GCF_000017185.1,419665
GCF_001021025.1,1050174
GCF_000319575.2,1260251
GCF_000283655.1,862719
GCF_000354175.2,1219076
GCF_001548075.1,35806
GCF_000018265.1,391037
GCF_001050435.1,637971
GCF_000317575.1,111780
GCF_001042695.1,1150468
GCF_000018285.1,398579
GCF_001442535.1,84531
GCF_001653755.1,1300343
GCF_000195855.1,272631
GCF_000230715.2,797304
GCF_001412595.1,1707785
GCF_000191045.1,868864
GCF_000008045.1,257363
GCF_000009365.1,393595
GCF_000013005.1,314225
GCF_000008025.1,163164
GCF_000270245.1,1032480
GCF_000017565.1,402881
GCF_000006905.1,190650
GCF_000967915.1,61635
GCF_000025645.1,580331
GCF_000016325.1,399742
GCF_000237085.1,720554
GCF_000014205.1,388919
GCF_000759535.1,157783
GCF_000233775.1,580340
GCF_000723505.1,1433126
GCF_000017145.1,366394
GCF_001605965.1,198620
GCF_000306785.1,477641
GCF_000152265.2,333146
GCF_000015585.1,349124
GCF_000237145.1,134676
GCF_000007145.1,190485
GCF_000208405.1,546271
GCF_000697965.2,106592
GCF_000940805.1,1445510
GCF_000027145.1,683837
GCF_000827005.1,1888
GCF_000260985.4,754476
GCF_001021385.1,1545728
GCF_000196175.1,264462
GCF_000010325.1,387092
GCF_000092185.1,633148
GCF_000008185.1,243275
GCF_000767465.1,1088721
GCF_000183135.1,694427
GCF_000144675.1,681645
GCF_000737865.1,1687
GCF_000730245.1,86106
GCF_001583415.1,1771
GCF_000017505.1,404589
GCF_000512205.2,1123269
GCF_000006765.1,208964
GCF_000376585.1,1236908
GCF_000219175.1,903503
GCF_000270145.1,981539
GCF_001017435.1,413882
GCF_000737515.1,1356852
GCF_001447335.1,652
GCF_001314945.1,148814
GCF_000062885.1,405948
GCF_000444875.1,1214242
GCF_001889105.1,194963
GCF_000340795.1,1208919
GCF_001597285.1,43263
GCF_000252445.1,745776
GCF_000816345.1,580033
GCF_000214355.1,545695
GCF_000316575.1,99598
GCF_000325705.1,926556
GCF_000046705.1,283166
GCF_000243155.2,756499
GCF_000024905.1,525903
GCF_000022905.1,548476
GCF_000184685.1,710696
GCF_000091665.1,243232
GCF_001027025.1,1330330
GCF_000970045.1,1434100
GCF_000828835.1,40754
GCF_000017425.1,315749
GCF_000020725.1,404380
GCF_000963865.1,516051
GCF_000196695.1,685727
GCF_000306765.2,523841
GCF_000158275.2,457405
GCF_002073715.2,490
GCF_000010985.1,639282
GCF_001514435.1,1308
GCF_000007265.1,208435
GCF_000146065.2,459349
GCF_000442645.1,1224163
GCF_000568815.1,1150621
GCF_000008345.1,267747
GCF_000317635.1,65093
GCF_000092505.1,762051
GCF_000069925.1,59748
GCF_000011225.1,272633
GCF_000164985.3,886882
GCF_000224005.2,765910
GCF_001274535.1,712357
GCF_000270205.1,1029718
GCF_001190745.1,824
GCF_000016065.1,323850
GCF_000055945.1,363253
GCF_000304735.1,1239934
GCF_000007725.1,224915
GCF_000006175.1,456320
GCF_000011105.1,70601
GCF_000184435.1,278137
GCF_000024625.1,579137
GCF_000478885.1,1384484
GCF_000828715.1,754409
GCF_001421015.1,1616788
GCF_000217815.1,688269
GCF_001578105.1,686597
GCF_000023945.1,519442
GCF_000762265.1,2162
GCF_000828675.1,1408160
GCF_000020985.1,289376
GCF_000192865.1,717774
GCF_000724485.1,796606
GCF_000024465.1,488538
GCF_000223395.1,694429
GCF_000583875.1,1229831
GCF_001263395.1,1437605
GCF_000091545.1,300852
GCF_000025845.1,512564
GCF_000317695.1,272123
GCF_000815185.1,56458
GCF_000328665.1,867904
GCF_001941945.1,257708
GCF_000277795.1,1197325
GCF_000012325.1,167879
GCF_000523235.1,1415166
GCF_000737535.1,1280380
GCF_001454945.1,1297617
GCF_000953475.1,1156937
GCF_000015105.1,413404
GCF_001578185.1,1478
GCF_001465295.1,1315283
GCF_000738435.1,666509
GCF_000023225.1,525897
GCF_001439585.2,1450761
GCF_002222635.1,1402135
GCF_000463355.1,862967
GCF_000184705.1,644966
GCF_000316685.1,195253
GCF_001787335.1,153496
GCF_000294515.1,1205910
GCF_001548055.1,366522
GCF_000196675.1,675635
GCF_000565175.1,1276246
GCF_000219355.1,696127
GCF_000815065.1,743971
GCF_000215705.1,365046
GCF_000196035.1,169963
GCF_001444405.1,161398
GCF_000251105.1,1041930
GCF_000069225.1,31964
GCF_000422165.1,326425
GCF_001444425.1,1249552
GCF_000477415.1,1403316
GCF_000284235.1,944547
GCF_000019165.1,498761
GCF_000321415.2,1255043
GCF_001483965.1,1564681
GCF_001652465.1,84292
GCF_000007905.1,235279
GCF_000018105.1,329726
GCF_000317305.3,700508
GCF_000204155.1,263358
GCF_000010185.1,334413
GCF_000196615.1,634500
GCF_001686985.1,1082933
GCF_000830885.1,1432061
GCF_001278075.1,38300
GCF_000317045.1,1173025
GCF_000619905.2,1266925
GCF_000972865.1,314722
GCF_000284155.1,1105110
GCF_000213255.1,697281
GCF_000025725.1,522772
GCF_001482385.1,43658
GCF_001457455.1,1717
GCF_000026405.1,349519
GCF_001263175.1,1391653
GCF_000218895.1,761193
GCF_000027225.1,406818
GCF_000025005.1,525904
GCF_000217995.1,679901
GCF_000021945.1,326427
GCF_000145035.1,515622
GCF_000017805.1,383372
GCF_000008985.1,177416
GCF_000493735.1,1266845
GCF_000009045.1,224308
GCF_000247715.1,1112204
GCF_000024545.1,446470
GCF_000348725.1,1184267
GCF_000747345.1,1565991
GCF_000507245.1,1307761
GCF_000397205.1,1124983
GCF_001027545.1,1408281
GCF_001941345.1,1705
GCF_000063545.1,357244
GCF_000007765.2,227377
GCF_000757785.1,61647
GCF_000266885.1,869212
GCF_000258405.1,945713
GCF_000743945.1,1072685
GCF_000015345.1,246195
GCF_000023745.1,582744
GCF_000785515.1,1304
GCF_000220645.1,1053692
GCF_000757825.1,158822
GCF_000175575.2,637389
GCF_001007935.1,44574
GCF_000253175.1,930944
GCF_000499765.1,1379702
GCF_001189295.1,52
GCF_000192745.1,991905
GCF_001636015.1,29433
GCF_000014805.1,380703
GCF_000283515.1,627192
GCF_000179915.2,401053
GCF_000025325.1,543526
GCF_000016765.1,392499
GCF_000203835.1,100226
GCF_000185905.1,765698
GCF_000146505.1,59374
GCF_000014525.1,321967
GCF_000953195.1,35623
GCF_000632985.1,1286528
GCF_000755145.1,221027
GCF_000008765.1,272562
GCF_000300075.1,1206109
GCF_000012405.1,269800
GCF_000009605.1,107806
GCF_000022065.1,394503
GCF_001278035.1,292913
GCF_001412615.1,1273541
GCF_000967425.1,1125847
GCF_000816145.1,1123384
GCF_000023105.1,471853
GCF_000025125.1,1453429
GCF_000800395.1,1182571
GCF_001586215.1,146827
GCF_000512355.1,1268635
GCF_000025505.1,589924
GCF_000023265.1,525909
GCF_000014465.1,387344
GCF_000179575.2,647113
GCF_000024225.1,521095
GCF_000226315.1,856793
GCF_000833105.2,1520
GCF_000695835.1,2113
GCF_000166095.1,523846
GCF_000973085.1,187101
GCF_000019285.1,484022
GCF_000184345.1,869211
GCF_000214725.1,868131
GCF_001305595.1,528244
GCF_000196815.1,330214
GCF_000193395.1,767031
GCF_000192845.1,743722
GCF_000007465.2,210007
GCF_000014785.1,187272
GCF_000225325.1,714313
GCF_000180175.2,891974
GCF_001457475.1,85698
GCF_000213805.1,743720
GCF_000418365.1,1200352
GCF_000025705.1,580332
GCF_001421015.2,1616788
GCF_001005905.1,407035
GCF_000196235.1,290399
GCF_000316665.1,373994
GCF_000020465.1,290315
GCF_000024885.1,525898
GCF_000092245.1,572480
GCF_000023865.1,471857
GCF_000006945.2,99287
GCF_000013705.1,265072
GCF_000219105.1,483219
GCF_000019905.1,262543
GCF_001886815.1,880073
GCF_000016645.1,376686
GCF_000019525.1,392500
GCF_000508245.1,1415773
GCF_000093165.1,600809
GCF_000737595.1,585425
GCF_000632805.1,1379159
GCF_000145615.1,580327
GCF_000006685.1,243161
GCF_000026005.1,254945
GCF_000307165.1,698758
GCF_001729525.1,1703
GCF_000023705.1,583345
GCF_000284375.1,1037409
GCF_000299335.2,391936
GCF_000300295.3,1227812
GCF_000277125.1,487521
GCF_000012225.1,322098
GCF_000024765.1,555778
GCF_000404225.1,1295009
GCF_000217635.1,261317
GCF_000231385.2,768704
GCF_000014025.1,367737
GCF_000723165.1,1349767
GCF_001593245.1,654
GCF_001006045.1,113653
GCF_000325745.1,1215343
GCF_001572725.1,61652
GCF_000146165.2,211586
GCF_000801295.1,1248727
GCF_001042405.1,1600
GCF_000525655.1,1451189
GCF_000144695.1,574087
GCF_001442785.1,435897
GCF_001277995.1,931089
GCF_000237995.1,701521
GCF_000213215.1,933801
GCF_000016665.1,357808
GCF_000238995.1,1111676
GCF_000093025.1,666681
GCF_000227665.2,717772
GCF_000009825.1,66692
GCF_000018405.1,96561
GCF_000021485.1,243159
GCF_000007385.1,291331
GCF_000013945.1,355276
GCF_000723465.1,1160721
GCF_000737575.1,585423
GCF_000017165.1,406327
GCF_000058485.1,326424
GCF_000196855.1,762550
GCF_000812665.2,1579316
GCF_000661895.1,42256
GCF_000732925.1,208439
GCF_000012805.1,323261
GCF_000230735.2,797303
GCF_000317855.1,759913
GCF_000204415.1,990316
GCF_000021025.1,557598
GCF_000011545.1,272560
GCF_000283575.1,693746
GCF_000010285.1,378753
GCF_000023405.1,446465
GCF_000316625.1,317936
GCF_000248095.2,1130798
GCF_000026065.1,314315
GCF_002075285.2,1641165
GCF_000179395.2,858619
GCF_000253015.1,696125
GCF_000172635.2,529120
GCF_001511815.1,1926
GCF_000014885.1,225849
GCF_000235565.1,1110509
GCF_000223905.1,634497
GCF_000525635.1,1449976
GCF_000300295.4,1227812
GCF_001028625.1,543877
GCF_000021385.1,883
GCF_000385565.1,387631
GCF_000022005.1,565050
GCF_000012965.1,326298
GCF_000196515.1,551115
GCF_000012005.1,300267
GCF_000218565.1,504832
GCF_000348805.1,1229512
GCF_000007305.1,186497
GCF_000023785.1,582402
GCF_000020525.1,517418
GCF_000281175.1,926550
GCF_000725365.1,586416
GCF_000148645.1,550540
GCF_000012145.1,315456
GCF_000214215.1,491952
GCF_000195915.1,273075
GCF_000010605.1,455632
GCF_000025405.2,706191
GCF_001477655.1,230361
GCF_000767615.3,93220
GCF_000012285.1,330779
GCF_000695235.1,68570
GCF_000215085.1,696281
GCF_000008605.1,243276
GCF_001026985.1,82985
GCF_000091125.1,452662
GCF_000759475.1,1076550
GCF_000284515.1,866895
GCF_000348785.1,1313172
GCF_000214155.1,875328
GCF_000508225.1,1423892
GCF_000025965.1,76114
GCF_001586195.1,76853
GCF_001484065.1,121719
GCF_000736415.1,1244531
GCF_000973725.1,400092
GCF_000189415.1,865938
GCF_000196435.1,382640
GCF_001274895.1,1408189
GCF_000242255.2,767434
GCF_000935025.1,1609977
GCF_000284315.1,1162668
GCF_001432245.1,246432
GCF_000007005.1,273057
GCF_001618885.1,70255
GCF_000015145.1,415426
GCF_000317125.1,251229
GCF_000648515.1,1333848
GCF_001190755.1,1032069
GCF_000967305.2,511
GCF_000214825.1,717773
GCF_001705565.1,48664
GCF_001042715.1,84022
GCF_000246855.1,700598
GCF_001483845.1,195
GCF_000224985.1,1069534
GCF_000013725.1,259564
GCF_000328705.1,1179773
GCF_000175095.2,153948
GCF_000183425.1,643867
GCF_000016185.1,414684
GCF_000008545.1,243274
GCF_001660045.1,146923
GCF_000019845.1,395963
GCF_000021285.1,484019
GCF_000215975.1,795359
GCF_000008925.1,362948
GCF_000024965.1,446471
GCF_000284015.1,1146883
GCF_000008885.1,36870
GCF_001652485.1,419475
GCF_000008365.1,267748
GCF_000015025.1,351607
GCF_000010645.1,511995
GCF_000020305.1,320483
GCF_000012465.1,59920
GCF_000007125.1,224914
GCF_000969965.1,1434103
GCF_000019225.1,498211
GCF_000265385.1,746697
GCF_001641285.1,445710
GCF_000230555.1,1082931
GCF_001281465.1,1267562
GCF_000330885.1,698761
GCF_000091785.1,661367
GCF_001642655.1,1519
GCF_000025305.1,591001
GCF_001308145.2,137591
GCF_000212735.1,760192
GCF_000147715.2,660470
GCF_000283615.1,945021
GCF_001702175.1,240427
GCF_001553195.1,1117644
GCF_000190735.1,762903
GCF_000178955.2,682795
GCF_000217795.1,667014
GCF_000011305.1,196164
GCF_000011025.1,680646
GCF_900011245.1,376
GCF_000014145.1,269798
GCF_000022725.1,634504
GCF_000015765.1,410358
GCF_000009965.1,69014
GCF_000010785.1,608538
GCF_000305935.1,1089553
GCF_000304215.1,1147128
GCF_900086555.1,28091
GCF_000447675.1,1291379
GCF_000006725.1,160492
GCF_000063585.1,413999
GCF_000816185.1,1031564
GCF_001275345.1,71999
GCF_000155735.2,391616
GCF_000024165.1,522306
GCF_000008485.1,272624
GCF_000565215.1,1276257
GCF_000953735.1,80854
GCF_000269985.1,452652
GCF_000341395.1,1167006
GCF_001687565.2,1185653
GCF_000092645.1,469371
GCF_000219725.1,744872
GCF_000801275.2,28173
GCF_000789255.1,565033
GCF_000217675.1,882102
GCF_000055785.1,290398
GCF_000833025.1,480520
GCF_001886715.1,134962
GCF_000512915.1,880074
GCF_000165485.1,378806
GCF_000512735.1,75906
GCF_000016785.1,390874
GCF_001456065.2,1492
GCF_001611135.1,51663
GCF_000093085.1,439292
GCF_000017305.1,266940
GCF_000255115.2,646529
GCF_001078275.1,103855
GCF_000513475.1,673862
GCF_000013045.1,309807
GCF_000024505.1,574556
GCF_000152825.2,314260
GCF_000444995.1,1367847
GCF_000298115.2,1071400
GCF_000730385.1,589873
GCF_000331735.1,1278073
GCF_000195735.1,272947
GCF_001606005.1,1703
GCF_000165715.2,756272
GCF_000012245.1,205918
GCF_000404165.1,224719
GCF_001273775.1,42253
GCF_000019365.1,426117
GCF_000015445.1,360095
GCF_000024865.1,479432
GCF_000143085.1,105559
GCF_000027325.1,243273
GCF_000007785.1,226185
GCF_000159155.2,525284
GCF_001038625.1,536227
GCF_000163895.2,546269
GCF_000953535.1,1562970
GCF_000484535.1,1183438
GCF_000010125.1,342451
GCF_000153165.2,313603
GCF_000011445.1,272632
GCF_001318345.1,246787
GCF_000010145.1,334390
GCF_000473995.1,1345695
GCF_001043175.1,330734
GCF_001547975.1,2094
GCF_000317025.1,118163
GCF_000236705.1,926562
GCF_000255295.1,1144275
GCF_001586255.1,1470434
GCF_000026125.1,204773
GCF_000953435.1,1495769
GCF_000178875.2,693973
GCF_000020645.1,324925
GCF_001444445.1,76123
GCF_001483385.1,669041
GCF_000023205.1,465515
GCF_000011385.1,251221
GCF_000016905.1,391009
GCF_000023325.1,521045
GCF_000832905.1,1121088
GCF_001305615.1,1609966
GCF_001025155.1,518635
GCF_000769655.1,1505907
GCF_000022545.1,604354
GCF_000143965.1,644282
GCF_000015965.1,167546
GCF_000147815.2,653045
GCF_001610975.1,1219058
GCF_000445425.4,1302858
GCF_000784965.1,1484157
GCF_000020785.1,380749
GCF_000260965.1,754477
GCF_000832305.1,68895
GCF_000981505.1,1581557
GCF_000968195.1,351671
GCF_000313635.1,1118964
GCF_000981525.1,297352
GCF_900093775.1,1664069
GCF_000875755.1,743967
GCF_001262055.1,52773
GCF_000225445.1,1005090
GCF_000183665.1,658172
GCF_000010425.1,367928
GCF_000013145.1,205920
GCF_000311765.1,1224746
GCF_000012905.2,272943
GCF_000025605.1,638303
GCF_000970085.1,1434120
GCF_000023285.1,521097
GCF_000020065.1,243272
GCF_000019945.1,441620
GCF_000012745.1,292415
GCF_000196735.1,692420
GCF_002215215.1,1192854
GCF_001543265.1,296
GCF_000014245.1,266779
GCF_000023465.1,655815
GCF_000024385.1,471852
GCF_001558935.1,35703
GCF_000010305.1,379066
GCF_000317675.1,755178
GCF_001267925.1,1262470
GCF_000970305.1,1434107
GCF_000015825.1,368407
GCF_000262715.1,1186051
GCF_001185205.1,1643450
GCF_000143845.1,633147
GCF_000176855.2,643561
GCF_001682385.1,418699
GCF_000317935.1,1208660
GCF_000182745.2,634177
GCF_000340885.1,931276
GCF_000746645.1,470
GCF_001011155.1,1620421
GCF_000742835.1,91604
GCF_000969885.1,523844
GCF_000767275.2,2423
GCF_000014825.1,316055
GCF_000190555.1,693977
GCF_000758725.1,189426
GCF_000010625.1,449447
GCF_000194135.1,760142
GCF_000014425.1,324831
GCF_000198515.1,83406
GCF_000265525.1,163003
GCF_000590925.1,1294273
GCF_001050475.1,1007676
GCF_000235605.1,768706
GCF_001750165.1,43657
GCF_001922545.1,29519
GCF_000814825.1,1531429
GCF_000294775.2,1196031
GCF_001693675.1,1901
GCF_000940995.1,658445
GCF_000724605.1,59505
GCF_001021935.1,487909
GCF_000010085.1,343509
GCF_001465855.1,145458
GCF_000265405.1,866536
GCF_000242895.2,666686
GCF_000297055.2,1163617
GCF_002211765.1,1096243
GCF_000023845.1,469378
GCF_000022045.1,395961
GCF_000174395.2,333849
GCF_001267155.1,216942
GCF_900116045.1,901
GCF_000012425.1,159087
GCF_000011465.1,59919
GCF_000512895.1,871738
GCF_000022385.1,429572
GCF_000327505.1,673860
GCF_000145295.1,79929
GCF_001547995.1,1231624
GCF_000196295.1,489653
GCF_000012725.1,323098
GCF_000007945.1,233412
GCF_000020385.1,398767
GCF_000067165.1,448385
GCF_000230955.2,751944
GCF_000981765.1,914150
GCF_000195955.2,83332
GCF_000317085.1,1173263
GCF_000020225.1,349741
GCF_000013605.1,338969
GCF_000237865.1,768065
GCF_001011035.1,444103
GCF_001594265.1,714
GCF_000014505.1,278197
GCF_000972765.1,1637999
GCF_000195085.1,1002672
GCF_000022965.1,555970
GCF_000013665.1,203122
GCF_000023245.1,446462
GCF_000016405.1,349102
GCF_001187785.1,1579979
GCF_000014585.1,64471
GCF_000484505.1,1341692
GCF_000270085.1,650150
GCF_000009845.1,262768
GCF_000092865.1,446466
GCF_000967895.1,698738
GCF_000511385.1,1423144
GCF_000812185.1,1410606
GCF_000242935.2,794903
GCF_000828475.1,1384459
GCF_000340865.1,1208920
GCF_000025345.1,526225
GCF_001693385.1,1274631
GCF_000194605.1,755732
GCF_000196495.1,316275
GCF_001908275.1,528191
GCF_000164675.2,760570
GCF_000010065.1,269084
GCF_000219605.1,316
GCF_000190535.1,709991
GCF_000247605.1,931626
GCF_000195835.1,233413
GCF_000218875.1,579138
GCF_000212675.2,690850
GCF_000226565.1,1085623
GCF_001308105.1,1085624
GCF_000521565.1,1009858
GCF_000023885.1,471855
GCF_000016545.1,351627
GCF_000022885.2,634503
GCF_000060345.1,411154
GCF_001688625.2,292800
GCF_000069185.1,36809
GCF_000240165.1,1003195
GCF_000195315.1,700015
GCF_000012565.1,269484
GCF_000015265.1,196162
GCF_000015225.1,368408
GCF_000020485.1,373903
GCF_000023445.1,526222
GCF_001702135.1,53444
GCF_001182745.1,37329
GCF_000259255.1,182217
GCF_001456315.1,2371
GCF_000195775.1,258594
GCF_000317975.2,1234679
GCF_000226295.1,981222
GCF_000328685.1,694430
GCF_000027345.1,272634
GCF_000179635.2,697329
GCF_000007705.1,243365
GCF_000092205.1,589865
GCF_001314305.1,128780
GCF_000024185.1,634498
GCF_000092105.1,521674
GCF_000195935.2,272844
GCF_000689415.1,1301098
GCF_000026605.1,40041
GCF_000025925.1,264731
GCF_000240075.2,1041826
GCF_001420995.1,1096856
GCF_001559115.1,1286
GCF_000695095.2,1379270
GCF_000355765.4,1288494
GCF_000023125.1,471854
GCF_000439455.1,1276221
GCF_000008465.1,283942
GCF_000496595.1,1261131
GCF_001028645.1,72758
GCF_000520015.2,1441930
GCF_000176915.2,643562
GCF_000471025.2,1143323
GCF_001281115.1,1690248
GCF_000015245.1,326297
GCF_001484935.1,1242245
GCF_000090965.1,372461
GCF_000026045.1,348780
GCF_000316645.1,28072
GCF_000829035.1,1226298
GCF_000829395.1,1291742
GCF_000012865.1,246194
GCF_000023605.1,561230
GCF_001698225.1,2055
GCF_000818035.1,546263
GCF_000009065.1,214092
GCF_001719165.1,39960
GCF_000010405.1,412965
GCF_000195875.1,272635
GCF_000829195.1,98228
GCF_000732945.1,191610
GCF_000190435.1,158189
GCF_000734015.1,289377
GCF_000612055.1,1661
GCF_000202835.1,926570
GCF_001302585.1,860235
GCF_000252855.1,693978
GCF_000014725.1,335541
GCF_000092565.1,189518
GCF_000024925.1,446469
GCF_001458475.1,504
GCF_001553935.1,544580
GCF_000196895.1,795797
GCF_000011745.1,291272
GCF_000064305.2,402612
GCF_000328625.1,748449
GCF_001431725.1,1178482
GCF_000143145.1,582899
GCF_000511355.1,999552
GCF_000284255.1,983917
GCF_000015865.1,203119
GCF_000816085.1,1284
GCF_000147695.2,697303
GCF_000023725.1,531844
GCF_000021685.1,309801
GCF_000830985.1,1420916
GCF_000018885.1,288705
GCF_000949425.1,1566358
GCF_001548015.1,270351
GCF_000831005.1,1420917
GCF_000011245.1,221109
GCF_001021065.1,1072256
GCF_000068585.1,471472
GCF_000300455.3,1235834
GCF_000007045.1,171101
GCF_000347635.1,1129794
GCF_000179035.2,768700
GCF_000012505.1,316279
GCF_000222485.1,880070
GCF_000024265.1,479437
GCF_000067205.1,94624
GCF_000754265.1,186490
